﻿{
	"$schema": "https://schema.management.azure.com/schemas/2015-01-01/deploymentParameters.json#",
	"contentVersion": "1.0.0.0",
	"parameters": {
		"virtualMachineNames": {
			"value": [
				"TestVM"
			]
		},
		"virtualMachineSize": {
			"value": "Standard_D4_v2"
		},
		"imageSKU": {
			"value": "Enterprise"
		},
		"adminUserName": {
			"value": "sumit"
		},
		"dscConfigurationName": {
			"value": "setupsql"
		},
		"storageAccountType": {
			"value": "Standard_LRS"
		},
		"vnetResourceGroup": {
			"value": "testsqlrg"
		},
		"vnetName": {
			"value": "vnet"
		},
		"subnetName": {
			"value": "subnet"
		},
		"vmtagValues": {
			"value": {}
		},
		"nictagValues": {
			"value": {}
		},
		"piptagValues": {
			"value": {}
		},
		"omsworkspaceid": {
			"value": "c10cbe79-6a53-4a41-a3a6-f801e9543cf1"
		},
		"omsworkspacekey": {
			"value": "/3B4LCgDYt9joEMNyHxa4HsR5a7rQuHpS6EZEXVHWtMzKm6OUb/dGnPJ4K0oZffTWCBDQUejqQ0+/ZItkY5ouw=="
		},
		"keyVaultResourceGroup": {
			"value": "TestRG"
		},
		"keyVaultName": {
			"value": "testkvsj"
		},
		"keyVaultSecretName": {
			"value": "mysecret"
		},
		"additionalDataDisks": {
			"value": "Yes"			
		},
		"dataDiskSizeGB": {
			"value": 1023
		},
		"dataDiskStorageAccountType": {
			"value": "Standard_LRS"
		},
		"dataDiskCount": {
			"value": 15
		}
	}
}