{
  "$schema": "http://schema.management.azure.com/schemas/2015-01-01/deploymentTemplate.json#",
  "contentVersion": "1.0.0.0",
  "parameters": {
    "_artifactsLocation": {
      "type": "string",
      "metadata": {
        "description": "Autogenrated artifactsLoction. Do not modify or delete."
      }
    },
    "_artifactsLocationSasToken": {
      "type": "securestring",
      "metadata": {
        "description": "Autogenrated artifactsLoctionSAS Token. Do not modify or delete."
      }
    },
    "virtualMachineNames": {
      "type": "array",
      "metadata": {
        "description": ""
      }
    },
    "virtualMachineSize": {
      "type": "string",
      "metadata": {
        "description": ""
      }
    },
    "adminUserName": {
      "type": "string",
      "metadata": {
        "description": "VM Local Admin"
      }
    },
    "imageSKU": {
      "type": "string",
      "metadata": {
        "description": ""
      }
    },
    "dscConfigurationName": {
      "type": "string"
    },
    "storageAccountType": {
      "type": "string",
      "defaultValue": "Standard_LRS"
    },
    "vnetResourceGroup": {
      "type": "string"
    },
    "vnetName": {
      "type": "string"
    },
    "subnetName": {
      "type": "string"
    },
    "vmtagValues": {
      "type": "object",
      "defaultValue": {}
    },
    "nictagValues": {
      "type": "object",
      "defaultValue": {}
    },
    "piptagValues": {
      "type": "object",
      "defaultValue": {}
    },
    "omsworkspaceid": {
      "type": "string"
    },
    "omsworkspacekey": {
      "type": "securestring"
    },
    "keyVaultResourceGroup": {
      "type": "string",
      "metadata": {
        "description": "Key Vault Resource Group"
      }
    },
    "keyVaultName": {
      "type": "string",
      "metadata": {
        "description": "Name of Key Vault"
      }
    },
    "keyVaultSecretName": {
      "type": "string",
      "metadata": {
        "description": "Secret Name in Key Vault"
      }
    },
    "additionalDataDisks": {
      "type": "string",
      "allowedValues": [
        "Yes",
        "No"
      ],
      "defaultValue": "No"
    },
    "dataDiskStorageAccountType": {
      "type": "string",
      "defaultValue": "Standard_LRS"
    },
    "dataDiskSizeGB": {
      "type": "int",
      "defaultValue": 500,
      "metadata": {
        "description": ""
      }
    },
    "dataDiskCount": {
      "type": "int",
      "metadata": {
        "description": ""
      }
    }
  },
  "variables": {
    "Templates": {
      "nic": "NICBase.json",
      "vm": "VMBase.json",
      "vmwithdatadisk": "VM.DataDiskBase.json",
      "PubIP": "PIPBase.json",
      "omsExtension": "OMSExtensionBase.json",
      "dscExtension": "DSCExtensionBase.json"
    },
    "keyVaultName" : "[replace(concat(variables('prefix'),parameters('keyVaultName')),'-', '')]",
    "keyVaultReference": "[concat('/subscriptions/', subscription().subscriptionId,'/resourceGroups/',parameters('keyVaultResourceGroup'),'/providers/Microsoft.KeyVault/vaults/', variables('keyVaultName'))]",
    "vmExtensionName": "dscExtension",
    "Prefix": "ABI-",
    "vnetID": "[resourceId(parameters('vnetResourceGroup'), 'Microsoft.Network/virtualNetworks',parameters('vnetName'))]",
    "subnetRef": "[concat(variables('vnetID'),'/subnets/', parameters('subnetName'))]",
    "VMRole": {
      "Image": {
        "imagePublisher": "MicrosoftSQLServer",
        "imageOffer": "SQL2016SP1-WS2016"
      }
    },
    "configurationUrl": "[concat(parameters('_artifactsLocation'), '/', parameters('dscConfigurationName'), '.zip', parameters('_artifactsLocationSasToken'))]",
    "configurationScript": "[concat(parameters('dscConfigurationName'), '.ps1')]",
    "VMUriBasedOnDataDisks": {
      "Yes": "[concat(parameters('_artifactsLocation'),'/', variables('Templates').vmwithdatadisk, parameters('_artifactsLocationSasToken'))]",
      "No": "[concat(parameters('_artifactsLocation'),'/', variables('Templates').vm, parameters('_artifactsLocationSasToken'))]"
    }
  },
  "resources": [
    {
      "type": "Microsoft.Resources/deployments",
      "name": "[concat(variables('Prefix'), 'PubIP-', parameters('virtualMachineNames')[copyIndex()])]",
      "apiVersion": "2015-01-01",
      "copy": {
        "name": "PubIPLoop",
        "count": "[length(parameters('virtualMachineNames'))]"
      },
      "dependsOn": [],
      "properties": {
        "mode": "Incremental",
        "templateLink": {
          "uri": "[concat(parameters('_artifactsLocation'),'/', variables('Templates').PubIP, parameters('_artifactsLocationSasToken'))]",
          "contentVersion": "1.0.0.0"
        },
        "parameters": {
          "pipName": {
            "value": "[concat(variables('Prefix'), 'PIP-', parameters('virtualMachineNames')[copyIndex()])]"
          },
          "dnsName": {
            "value": "[tolower(concat(variables('Prefix'), 'PubIP-', parameters('virtualMachineNames')[copyIndex()]))]"
          },
          "publicIPAllocationMethod": {
            "value": "Dynamic"
          },
          "pipTags": {
            "value": "[parameters('piptagValues')]"
          }
        }
      }
    },
    {
      "type": "Microsoft.Resources/deployments",
      "name": "[concat('NIC-',parameters('virtualMachineNames')[copyIndex()])]",
      "apiVersion": "2015-01-01",
      "copy": {
        "name": "NICLoop",
        "count": "[length(parameters('virtualMachineNames'))]"
      },
      "dependsOn": [
        "[concat('Microsoft.Resources/deployments/',  variables('Prefix'), 'PubIP-', parameters('virtualMachineNames')[copyIndex()]  )]"
      ],
      "properties": {
        "mode": "Incremental",
        "templateLink": {
          "uri": "[concat(parameters('_artifactsLocation'),'/' , variables('Templates').nic, parameters('_artifactsLocationSasToken'))]",
          "contentVersion": "1.0.0.0"
        },
        "parameters": {
          "nicName": {
            "value": "[concat(variables('Prefix'), 'NIC-', parameters('virtualMachineNames')[copyIndex()])]"
          },
          "nicTags": {
            "value": "[parameters('nictagValues')]"
          },
          "ipConfiguration": {
            "value": [
              {
                "name": "ipconfig",
                "properties": {
                  "privateIPAllocationMethod": "dynamic",
                  "publicIPAddress": {
                    "id": "[resourceId('Microsoft.Network/publicIPAddresses', concat(variables('Prefix'), 'PIP-', parameters('virtualMachineNames')[copyIndex()]))]"
                  },
                  "subnet": {
                    "id": "[variables('subnetRef')]"
                  }
                }
              }
            ]
          }
        }
      }
    },
    {
      "type": "Microsoft.Resources/deployments",
      "name": "[concat('VM-',parameters('virtualMachineNames')[copyIndex()])]",
      "apiVersion": "2015-01-01",
      "copy": {
        "name": "VMLoop",
        "count": "[length(parameters('virtualMachineNames'))]"
      },
      "dependsOn": [
        "[concat('Microsoft.Resources/deployments/', 'NIC-',parameters('virtualMachineNames')[copyIndex()])]"
      ],
      "properties": {
        "mode": "Incremental",
        "templateLink": {
          "uri": "[variables('VMUriBasedOnDataDisks')[parameters('additionalDataDisks')]]",
          "contentVersion": "1.0.0.0"
        },
        "parameters": {
          "virtualMachineSize": {
            "value": "[parameters('virtualMachineSize')]"
          },
          "virtualMachineName": {
            "value": "[concat(variables('Prefix'), parameters('virtualMachineNames')[copyIndex()])]"
          },
          "adminUserName": {
            "value": "[parameters('adminUserName')]"
          },
          "imagePublisher": {
            "value": "[variables('VMRole').Image.imagePublisher]"
          },
          "imageOffer": {
            "value": "[variables('VMRole').Image.imageOffer]"
          },
          "imageSKU": {
            "value": "[parameters('imageSKU')]"
          },
          "nicName": {
            "value": "[concat(variables('Prefix'), 'NIC-', parameters('virtualMachineNames')[copyIndex()])]"
          },
          "configurationFunction": {
            "value": "[parameters('dscConfigurationName')]"
          },
          "configurationScript": {
            "value": "[variables('configurationScript')]"
          },
          "configurationUrl": {
            "value": "[variables('configurationUrl')]"
          },
          "vmTags": {
            "value": "[parameters('vmtagValues')]"
          },
          "storageAccountType": {
            "value": "[parameters('storageAccountType')]"
          },
          "adminPassword": {
             "value": "Password@123"
          },
          "dataDiskStorageAccountType": {
            "value": "[parameters('dataDiskStorageAccountType')]"
          },
          "dataDiskSizeGB": {
            "value": "[parameters('dataDiskSizeGB')]"
          },
          "dataDiskCount": {
            "value": "[parameters('dataDiskCount')]"
          }
        }
      }
    },
    {
      "type": "Microsoft.Resources/deployments",
      "name": "[concat('DSC-', variables('Prefix'), parameters('virtualMachineNames')[copyIndex()])]",
      "apiVersion": "2015-01-01",
      "copy": {
        "name": "DScextLoop",
        "count": "[length(parameters('virtualMachineNames'))]"
      },
      "dependsOn": [
        "[concat('Microsoft.Resources/deployments/', 'VM-', parameters('virtualMachineNames')[copyIndex()])]"
      ],
      "properties": {
        "mode": "Incremental",
        "templateLink": {
          "uri": "[concat(parameters('_artifactsLocation'),'/' , variables('Templates').dscExtension , parameters('_artifactsLocationSasToken'))]",
          "contentVersion": "1.0.0.0"
        },
        "parameters": {
          "configurationFunction": {
            "value": "[parameters('dscConfigurationName')]"
          },
          "configurationScript": {
            "value": "[variables('configurationScript')]"
          },
          "configurationUrl": {
            "value": "[variables('configurationUrl')]"
          },
          "vmName": {
            "value": "[concat(variables('Prefix'), parameters('virtualMachineNames')[copyIndex()])]"
          }
        }
      }
    }
  ]
}