{
    "$schema": "https://schema.management.azure.com/schemas/2015-01-01/deploymentTemplate.json#",
    "contentVersion": "1.0.0.0",
    "parameters": {
        "configurationUrl": {
            "type": "string"
        },
        "configurationScript": {
            "type": "string"
        },
        "configurationFunction": {
            "type": "string"
        },
        "vmName": {
            "type": "string"
        }
    },
    "resources": [
        {
            "name": "[concat(parameters('vmName'),'/Microsoft.Powershell.DSC')]",
            "type": "Microsoft.Compute/virtualMachines/extensions",
            "location": "[resourceGroup().location]",
            "apiVersion": "2016-03-30",
            "properties": {
                "publisher": "Microsoft.Powershell",
                "type": "DSC",
                "typeHandlerVersion": "2.9",
                "autoUpgradeMinorVersion": true,
                "settings": {
                    "configuration": {
                        "url": "[parameters('configurationUrl')]",
                        "script": "[parameters('configurationScript')]",
                        "function": "[parameters('configurationFunction')]"
                    },
                    "configurationArguments": {
                        "nodeName": "[parameters('vmName')]"
                    }
                }
            }
        }
    ]
}