﻿{
  "$schema": "http://schema.management.azure.com/schemas/2015-01-01/deploymentTemplate.json#",
  "contentVersion": "1.0.0.0",
  "parameters": {
    "virtualMachineName": {
      "type": "string",
      "metadata": {
        "description": ""
      }
    },
    "virtualMachineSize": {
      "type": "string",
      "metadata": {
        "description": ""
      }
    },
    "adminUserName": {
      "type": "string",
      "metadata": {
        "description": "VM Local Admin"
      }
    },

    "imagePublisher": {
      "type": "string",
      "metadata": {
        "description": "imagePublisher"
      }
    },
    "imageOffer": {
      "type": "string",
      "metadata": {
        "description": "imageOffer"
      }
    },
    "imageSKU": {
      "type": "string",
      "metadata": {
        "description": ""
      }
    },    "nicName": {
      "type": "string",
      "metadata": {
        "description": "NIC ID"
      }
    },
    "configurationFunction": {
      "type": "string",
      "metadata": {
        "description": "DSC configuration function"
      }
    },
    "configurationScript": {
      "type": "string",
      "metadata": {
        "description": "DSC configuration script"
      }
    },
    "configurationUrl": {
      "type": "string",
      "metadata": {
        "description": "DSC configuration modules url"
      }
    },
    "vmTags": {
      "type": "object"
    },
    "storageAccountType": {
      "type": "string",
      "metadata": {
        "description": "Storage Account Type"
      }
    },
    "adminPassword": {
      "type": "securestring",
      "metadata": {
        "description": "admin Password"
      }
    },
    "dataDiskStorageAccountType": {
      "type": "string"
    },
    "dataDiskSizeGB": {
      "type": "int",
      "metadata": {
        "description": ""
      }
    },
    "dataDiskCount": {
      "type": "int"
    }
  },
  "resources": [
    {
      "type": "Microsoft.Compute/virtualMachines",
      "name": "[parameters('virtualMachineName')]",
      "apiVersion": "2017-03-30",
      "location": "[resourceGroup().location]",
      "dependsOn": [],
      "tags": "[parameters('vmTags')]",
      "properties": {
        "osProfile": {
          "adminUsername": "[parameters('adminUsername')]",
          "adminPassword": "[parameters('adminPassword')]",
          "computerName": "[parameters('virtualMachineName')]"
        },
        "hardwareProfile": {
          "vmSize": "[parameters('virtualMachineSize')]"
        },
        "storageProfile": {
          "imageReference": {
            "publisher": "[parameters('imagePublisher')]",
            "offer": "[parameters('imageOffer')]",
            "sku": "[parameters('imageSKU')]",
            "version": "latest"
          },
          "osDisk": {
            "createOption": "FromImage",
            "managedDisk": {
              "storageAccountType": "[parameters('storageAccountType')]"
            }
          },
          "copy": [
            {
              "name": "dataDisks",
              "count": "[parameters('dataDiskCount')]",
              "input": {
                "diskSizeGB":  "[parameters('dataDiskSizeGB')]",
                "lun": "[copyIndex('dataDisks')]",
                "createOption": "Empty",
                "managedDisk": {
                  "storageAccountType": "[parameters('dataDiskStorageAccountType')]"
                }
              }
            }
          ]
        },
        "networkProfile": {
          "networkInterfaces": [
            {
              "id": "[resourceId('Microsoft.Network/networkInterfaces', parameters('nicName'))]"
            }
          ]
        }
      }
    }
  ]
}